Dynamic Skin Recovery SPF 50 Moisturizer,4.7,"2,158",Skin Care,Moisturizers,Face Moisturizer,water aqua eau,500,50,3
Dynamic Skin Recovery SPF 50 Moisturizer,4.7,"2,158",Skin Care,Moisturizers,Face Moisturizer,octocrylene,500,50,2
Dynamic Skin Recovery SPF 50 Moisturizer,4.7,"2,158",Skin Care,Moisturizers,Face Moisturizer,carthamus tinctorius (safflower) oleosomes,500,50,3
Dynamic Skin Recovery SPF 50 Moisturizer,4.7,"2,158",Skin Care,Moisturizers,Face Moisturizer,butylene glycol,500,50,2
Dynamic Skin Recovery SPF 50 Moisturizer,4.7,"2,158",Skin Care,Moisturizers,Face Moisturizer,homosalate,500,50,2
Dynamic Skin Recovery SPF 50 Moisturizer,4.7,"2,158",Skin Care,Moisturizers,Face Moisturizer,dimethicone,500,50,2
Dynamic Skin Recovery SPF 50 Moisturizer,4.7,"2,158",Skin Care,Moisturizers,Face Moisturizer,butyl methoxydibenzoylmethane,500,50,2
Dynamic Skin Recovery SPF 50 Moisturizer,4.7,"2,158",Skin Care,Moisturizers,Face Moisturizer,ethylhexyl salicylate,500,50,2
Dynamic Skin Recovery SPF 50 Moisturizer,4.7,"2,158",Skin Care,Moisturizers,Face Moisturizer,c12-15 alkyl benzoate,500,50,2
Dynamic Skin Recovery SPF 50 Moisturizer,4.7,"2,158",Skin Care,Moisturizers,Face Moisturizer,propanediol,500,50,3
Dynamic Skin Recovery SPF 50 Moisturizer,4.7,"2,158",Skin Care,Moisturizers,Face Moisturizer,polysorbate 80,500,50,2
Dynamic Skin Recovery SPF 50 Moisturizer,4.7,"2,158",Skin Care,Moisturizers,Face Moisturizer,palmitoyl tetrapeptide-7,500,50,3
Dynamic Skin Recovery SPF 50 Moisturizer,4.7,"2,158",Skin Care,Moisturizers,Face Moisturizer,dipotassium glycyrrhizate,500,50,3
Dynamic Skin Recovery SPF 50 Moisturizer,4.7,"2,158",Skin Care,Moisturizers,Face Moisturizer,aniba rosodora (rosewood) wood oil,500,50,3
Dynamic Skin Recovery SPF 50 Moisturizer,4.7,"2,158",Skin Care,Moisturizers,Face Moisturizer,camellia sinensis leaf extract,500,50,3
Dynamic Skin Recovery SPF 50 Moisturizer,4.7,"2,158",Skin Care,Moisturizers,Face Moisturizer,pelargonium graveolens flower oil,500,50,2
Dynamic Skin Recovery SPF 50 Moisturizer,4.7,"2,158",Skin Care,Moisturizers,Face Moisturizer,eugenia caryophyllus (clove) leaf oil,500,50,1
Dynamic Skin Recovery SPF 50 Moisturizer,4.7,"2,158",Skin Care,Moisturizers,Face Moisturizer,laminaria digitata extract,500,50,3
Dynamic Skin Recovery SPF 50 Moisturizer,4.7,"2,158",Skin Care,Moisturizers,Face Moisturizer,saccharomyces cerevisiae extract,500,50,3
Dynamic Skin Recovery SPF 50 Moisturizer,4.7,"2,158",Skin Care,Moisturizers,Face Moisturizer,rosa damascena flower oil,500,50,3
Dynamic Skin Recovery SPF 50 Moisturizer,4.7,"2,158",Skin Care,Moisturizers,Face Moisturizer,eugenia caryophyllus (clove) bud oil,500,50,1
Dynamic Skin Recovery SPF 50 Moisturizer,4.7,"2,158",Skin Care,Moisturizers,Face Moisturizer,citrus limon (lemon) peel oil,500,50,2
Dynamic Skin Recovery SPF 50 Moisturizer,4.7,"2,158",Skin Care,Moisturizers,Face Moisturizer,cupressus sempervirens leaf oil,500,50,2
Dynamic Skin Recovery SPF 50 Moisturizer,4.7,"2,158",Skin Care,Moisturizers,Face Moisturizer,cymbopogon martini oil,500,50,3
Dynamic Skin Recovery SPF 50 Moisturizer,4.7,"2,158",Skin Care,Moisturizers,Face Moisturizer,cymbopogon schoenanthus oil,500,50,3
Dynamic Skin Recovery SPF 50 Moisturizer,4.7,"2,158",Skin Care,Moisturizers,Face Moisturizer,citrus limon (lemon) peel extract,500,50,2
Dynamic Skin Recovery SPF 50 Moisturizer,4.7,"2,158",Skin Care,Moisturizers,Face Moisturizer,eucalyptus globulus leaf oil,500,50,3
Dynamic Skin Recovery SPF 50 Moisturizer,4.7,"2,158",Skin Care,Moisturizers,Face Moisturizer,helianthus annuus (sunflower) seed oil,500,50,3
Dynamic Skin Recovery SPF 50 Moisturizer,4.7,"2,158",Skin Care,Moisturizers,Face Moisturizer,tocopherol,500,50,3
Dynamic Skin Recovery SPF 50 Moisturizer,4.7,"2,158",Skin Care,Moisturizers,Face Moisturizer,squalane,500,50,3
Dynamic Skin Recovery SPF 50 Moisturizer,4.7,"2,158",Skin Care,Moisturizers,Face Moisturizer,caprylyl glycol,500,50,2
Dynamic Skin Recovery SPF 50 Moisturizer,4.7,"2,158",Skin Care,Moisturizers,Face Moisturizer,acrylate crosspolymer,500,50,2
Dynamic Skin Recovery SPF 50 Moisturizer,4.7,"2,158",Skin Care,Moisturizers,Face Moisturizer
Dynamic Skin Recovery SPF 50 Moisturizer,4.7,"2,158",Skin Care,Moisturizers,Face Moisturizer,carnosine,500,50,3
Dynamic Skin Recovery SPF 50 Moisturizer,4.7,"2,158",Skin Care,Moisturizers,Face Moisturizer,lecithin,500,50,2
Dynamic Skin Recovery SPF 50 Moisturizer,4.7,"2,158",Skin Care,Moisturizers,Face Moisturizer,urea,500,50,3
Dynamic Skin Recovery SPF 50 Moisturizer,4.7,"2,158",Skin Care,Moisturizers,Face Moisturizer,caprylic triglyceride,500,50,3
Dynamic Skin Recovery SPF 50 Moisturizer,4.7,"2,158",Skin Care,Moisturizers,Face Moisturizer,glycerin,500,50,3
Dynamic Skin Recovery SPF 50 Moisturizer,4.7,"2,158",Skin Care,Moisturizers,Face Moisturizer,pentylene glycol,500,50,3
Dynamic Skin Recovery SPF 50 Moisturizer,4.7,"2,158",Skin Care,Moisturizers,Face Moisturizer,bisabolol,500,50,2
Dynamic Skin Recovery SPF 50 Moisturizer,4.7,"2,158",Skin Care,Moisturizers,Face Moisturizer,glucosamine hcl,500,50,2
Dynamic Skin Recovery SPF 50 Moisturizer,4.7,"2,158",Skin Care,Moisturizers,Face Moisturizer,ethylhexylglycerin,500,50,3
Dynamic Skin Recovery SPF 50 Moisturizer,4.7,"2,158",Skin Care,Moisturizers,Face Moisturizer,"1,1,2-hexanediol",500,50,2
Dynamic Skin Recovery SPF 50 Moisturizer,4.7,"2,158",Skin Care,Moisturizers,Face Moisturizer,titanium dioxide,500,50,3
Dynamic Skin Recovery SPF 50 Moisturizer,4.7,"2,158",Skin Care,Moisturizers,Face Moisturizer,gluconolactone,500,50,2
Dynamic Skin Recovery SPF 50 Moisturizer,4.7,"2,158",Skin Care,Moisturizers,Face Moisturizer,polysorbate 60,500,50,2
Dynamic Skin Recovery SPF 50 Moisturizer,4.7,"2,158",Skin Care,Moisturizers,Face Moisturizer,trisodium ethylenediamine disuccinate,500,50,2
Dynamic Skin Recovery SPF 50 Moisturizer,4.7,"2,158",Skin Care,Moisturizers,Face Moisturizer,sorbitan isostearate,500,50,2
Dynamic Skin Recovery SPF 50 Moisturizer,4.7,"2,158",Skin Care,Moisturizers,Face Moisturizer,decyl glucoside,500,50,2
Dynamic Skin Recovery SPF 50 Moisturizer,4.7,"2,158",Skin Care,Moisturizers,Face Moisturizer,aminomethyl propanol,500,50,2
Dynamic Skin Recovery SPF 50 Moisturizer,4.7,"2,158",Skin Care,Moisturizers,Face Moisturizer,sodium acryloyldimethyl taurate copolymer,500,50,2
Dynamic Skin Recovery SPF 50 Moisturizer,4.7,"2,158",Skin Care,Moisturizers,Face Moisturizer,polysilicone-11,500,50,2
Dynamic Skin Recovery SPF 50 Moisturizer,4.7,"2,158",Skin Care,Moisturizers,Face Moisturizer,sodium acrylates copolymer,500,50,2
Dynamic Skin Recovery SPF 50 Moisturizer,4.7,"2,158",Skin Care,Moisturizers,Face Moisturizer,phenethyl alcohol,500,50,2
Dynamic Skin Recovery SPF 50 Moisturizer,4.7,"2,158",Skin Care,Moisturizers,Face Moisturizer,sodium benzoate,500,50,2
Dynamic Skin Recovery SPF 50 Moisturizer,4.7,"2,158",Skin Care,Moisturizers,Face Moisturizer,linalool,500,50,2
Dynamic Skin Recovery SPF 50 Moisturizer,4.7,"2,158",Skin Care,Moisturizers,Face Moisturizer,eugenol,500,50,1
Dynamic Skin Recovery SPF 50 Moisturizer,4.7,"2,158",Skin Care,Moisturizers,Face Moisturizer,limonene,500,50,2
Dynamic Skin Recovery SPF 50 Moisturizer,4.7,"2,158",Skin Care,Moisturizers,Face Moisturizer,citronellol,500,50,2
Dynamic Skin Recovery SPF 50 Moisturizer,4.7,"2,158",Skin Care,Moisturizers,Face Moisturizer,geraniol,500,50,2
Dynamic Skin Recovery SPF 50 Moisturizer,4.7,"2,158",Skin Care,Moisturizers,Face Moisturizer,benzyl benzoate,500,50,1
Dynamic Skin Recovery SPF 50 Moisturizer,4.7,"2,158",Skin Care,Moisturizers,Face Moisturizer,citral,500,50,2
B-FLAT Belly Firming Cream,4.6,"6,706",Skin Care,Treatment & Serums,Body Treatments,water aqua ,200,19,3
B-FLAT Belly Firming Cream,4.6,"6,706",Skin Care,Treatment & Serums,Body Treatments,hydrogenated polyisobutene,200,19,2
B-FLAT Belly Firming Cream,4.6,"6,706",Skin Care,Treatment & Serums,Body Treatments,glycerin,200,19,3
B-FLAT Belly Firming Cream,4.6,"6,706",Skin Care,Treatment & Serums,Body Treatments,c12-15 alkyl benzoate,200,19,2
B-FLAT Belly Firming Cream,4.6,"6,706",Skin Care,Treatment & Serums,Body Treatments,stearyl alcohol,200,19,2
B-FLAT Belly Firming Cream,4.6,"6,706",Skin Care,Treatment & Serums,Body Treatments,caprylic triglyceride,200,19,2
B-FLAT Belly Firming Cream,4.6,"6,706",Skin Care,Treatment & Serums,Body Treatments,acrylates copolymer,200,19,2
B-FLAT Belly Firming Cream,4.6,"6,706",Skin Care,Treatment & Serums,Body Treatments,cetyl alcohol,200,19,2
B-FLAT Belly Firming Cream,4.6,"6,706",Skin Care,Treatment & Serums,Body Treatments,dimethicone,200,19,2
B-FLAT Belly Firming Cream,4.6,"6,706",Skin Care,Treatment & Serums,Body Treatments,squalane,200,19,3
B-FLAT Belly Firming Cream,4.6,"6,706",Skin Care,Treatment & Serums,Body Treatments,butyrospermum parkii (shea) butter,200,19,3
B-FLAT Belly Firming Cream,4.6,"6,706",Skin Care,Treatment & Serums,Body Treatments,theobroma cacao  seed butter,200,19,2
B-FLAT Belly Firming Cream,4.6,"6,706",Skin Care,Treatment & Serums,Body Treatments,tocopheryl acetate,200,19,3
B-FLAT Belly Firming Cream,4.6,"6,706",Skin Care,Treatment & Serums,Body Treatments,sodium hyaluronate,200,19,3
B-FLAT Belly Firming Cream,4.6,"6,706",Skin Care,Treatment & Serums,Body Treatments,bentonite,200,19,2
B-FLAT Belly Firming Cream,4.6,"6,706",Skin Care,Treatment & Serums,Body Treatments,propylene glycol,200,19,2
B-FLAT Belly Firming Cream,4.6,"6,706",Skin Care,Treatment & Serums,Body Treatments,butylene glycol,200,19,2
B-FLAT Belly Firming Cream,4.6,"6,706",Skin Care,Treatment & Serums,Body Treatments,bisabolol,200,19,2
B-FLAT Belly Firming Cream,4.6,"6,706",Skin Care,Treatment & Serums,Body Treatments,paullinia cupana (guarana) fruit extract,200,19,2
B-FLAT Belly Firming Cream,4.6,"6,706",Skin Care,Treatment & Serums,Body Treatments,schinus terebinthifolius seed extract,200,19,2
B-FLAT Belly Firming Cream,4.6,"6,706",Skin Care,Treatment & Serums,Body Treatments,persea gratissima (avocado) fruit extract,200,19,3
B-FLAT Belly Firming Cream,4.6,"6,706",Skin Care,Treatment & Serums,Body Treatments,butyrospermum parkii (shea) butter extract,200,19,3
B-FLAT Belly Firming Cream,4.6,"6,706",Skin Care,Treatment & Serums,Body Treatments,triticum vulgare (wheat) germ oil,200,19,2
B-FLAT Belly Firming Cream,4.6,"6,706",Skin Care,Treatment & Serums,Body Treatments,ethylhexylglycerin,200,19,3
B-FLAT Belly Firming Cream,4.6,"6,706",Skin Care,Treatment & Serums,Body Treatments,ceteareth 20,200,19,2
B-FLAT Belly Firming Cream,4.6,"6,706",Skin Care,Treatment & Serums,Body Treatments,phenoxyethanol,200,19,2
B-FLAT Belly Firming Cream,4.6,"6,706",Skin Care,Treatment & Serums,Body Treatments,vanillyl butyl ether,200,19,2
B-FLAT Belly Firming Cream,4.6,"6,706",Skin Care,Treatment & Serums,Body Treatments,chlorphenesin,200,19,2
B-FLAT Belly Firming Cream,4.6,"6,706",Skin Care,Treatment & Serums,Body Treatments,sodium hydroxide,200,19,2
B-FLAT Belly Firming Cream,4.6,"6,706",Skin Care,Treatment & Serums,Body Treatments,sodium carbonate,200,19,2
B-FLAT Belly Firming Cream,4.6,"6,706",Skin Care,Treatment & Serums,Body Treatments,fragrance,200,19,2
B-FLAT Belly Firming Cream,4.6,"6,706",Skin Care,Treatment & Serums,Body Treatments,geraniol,200,19,2
B-FLAT Belly Firming Cream,4.6,"6,706",Skin Care,Treatment & Serums,Body Treatments,hexyl cinnamal,200,19,2
B-FLAT Belly Firming Cream,4.6,"6,706",Skin Care,Treatment & Serums,Body Treatments,linalool,200,19,2
B-FLAT Belly Firming Cream,4.6,"6,706",Skin Care,Treatment & Serums,Body Treatments,yellow 6 (ci 15985),200,19,2
B-FLAT Belly Firming Cream,4.6,"6,706",Skin Care,Treatment & Serums,Body Treatments,yellow 5 (ci 19140),200,19,2
B-FLAT Belly Firming Cream,4.6,"6,706",Skin Care,Treatment & Serums,Body Treatments,red 33 (ci 17200),200,19,2
Daily Moisturizing Body and Face Lotion for Normal Balanced to Dry Skin,4.7,"15,246",Skin Care,Dermatologist Recommended,Body Lotion,purified water,120,25,3
Daily Moisturizing Body and Face Lotion for Normal Balanced to Dry Skin,4.7,"15,246",Skin Care,Dermatologist Recommended,Body Lotion,glycerin,120,25,3
Daily Moisturizing Body and Face Lotion for Normal Balanced to Dry Skin,4.7,"15,246",Skin Care,Dermatologist Recommended,Body Lotion,caprylic triglyceride,120,25,2
Daily Moisturizing Body and Face Lotion for Normal Balanced to Dry Skin,4.7,"15,246",Skin Care,Dermatologist Recommended,Body Lotion,cetearyl alcohol,120,25,2
Daily Moisturizing Body and Face Lotion for Normal Balanced to Dry Skin,4.7,"15,246",Skin Care,Dermatologist Recommended,Body Lotion,behentrimonium methosulfate,120,25,2
Daily Moisturizing Body and Face Lotion for Normal Balanced to Dry Skin,4.7,"15,246",Skin Care,Dermatologist Recommended,Body Lotion,ceteareth-20,120,25,2
Daily Moisturizing Body and Face Lotion for Normal Balanced to Dry Skin,4.7,"15,246",Skin Care,Dermatologist Recommended,Body Lotion,cetyl alcohol,120,25,2
Daily Moisturizing Body and Face Lotion for Normal Balanced to Dry Skin,4.7,"15,246",Skin Care,Dermatologist Recommended,Body Lotion,polyglyceryl-3-diisosterate,120,25,2
Daily Moisturizing Body and Face Lotion for Normal Balanced to Dry Skin,4.7,"15,246",Skin Care,Dermatologist Recommended,Body Lotion,dimethicone,120,25,2
Daily Moisturizing Body and Face Lotion for Normal Balanced to Dry Skin,4.7,"15,246",Skin Care,Dermatologist Recommended,Body Lotion,hyaluronic acid,120,25,3
Daily Moisturizing Body and Face Lotion for Normal Balanced to Dry Skin,4.7,"15,246",Skin Care,Dermatologist Recommended,Body Lotion,ceramide 1,120,25,3
Daily Moisturizing Body and Face Lotion for Normal Balanced to Dry Skin,4.7,"15,246",Skin Care,Dermatologist Recommended,Body Lotion,ceramide 3,120,25,3
Daily Moisturizing Body and Face Lotion for Normal Balanced to Dry Skin,4.7,"15,246",Skin Care,Dermatologist Recommended,Body Lotion,ceramide 6-ii,120,25,3
Daily Moisturizing Body and Face Lotion for Normal Balanced to Dry Skin,4.7,"15,246",Skin Care,Dermatologist Recommended,Body Lotion,cholesterol,120,25,3
Daily Moisturizing Body and Face Lotion for Normal Balanced to Dry Skin,4.7,"15,246",Skin Care,Dermatologist Recommended,Body Lotion,phytosphingosine,120,25,3
Daily Moisturizing Body and Face Lotion for Normal Balanced to Dry Skin,4.7,"15,246",Skin Care,Dermatologist Recommended,Body Lotion,potassium phosphate,120,25,2
Daily Moisturizing Body and Face Lotion for Normal Balanced to Dry Skin,4.7,"15,246",Skin Care,Dermatologist Recommended,Body Lotion,dipotassium phosphate,120,25,2
Daily Moisturizing Body and Face Lotion for Normal Balanced to Dry Skin,4.7,"15,246",Skin Care,Dermatologist Recommended,Body Lotion,methylparaben,120,25,1
Daily Moisturizing Body and Face Lotion for Normal Balanced to Dry Skin,4.7,"15,246",Skin Care,Dermatologist Recommended,Body Lotion,propylparaben,120,25,1
Daily Moisturizing Body and Face Lotion for Normal Balanced to Dry Skin,4.7,"15,246",Skin Care,Dermatologist Recommended,Body Lotion,disodium edta,120,25,2
Daily Moisturizing Body and Face Lotion for Normal Balanced to Dry Skin,4.7,"15,246",Skin Care,Dermatologist Recommended,Body Lotion,sodium lauroyl lactylate,120,25,2
Daily Moisturizing Body and Face Lotion for Normal Balanced to Dry Skin,4.7,"15,246",Skin Care,Dermatologist Recommended,Body Lotion,polysorbate 20,120,25,2
Daily Moisturizing Body and Face Lotion for Normal Balanced to Dry Skin,4.7,"15,246",Skin Care,Dermatologist Recommended,Body Lotion,carbomer,120,25,2
Daily Moisturizing Body and Face Lotion for Normal Balanced to Dry Skin,4.7,"15,246",Skin Care,Dermatologist Recommended,Body Lotion,xanthan gum,120,25,2
Lipikar AP+M Triple Repair Body Moisturizing Cream for Dry Skin,4.6,"3,125",Skin Care,Dermatologist Recommended,Body Lotion,aqua water,850,89,3
Lipikar AP+M Triple Repair Body Moisturizing Cream for Dry Skin,4.6,"3,125",Skin Care,Dermatologist Recommended,Body Lotion,butyrospermum parkii butter shea butter,850,89,3
Lipikar AP+M Triple Repair Body Moisturizing Cream for Dry Skin,4.6,"3,125",Skin Care,Dermatologist Recommended,Body Lotion,glycerin,850,89,3
Lipikar AP+M Triple Repair Body Moisturizing Cream for Dry Skin,4.6,"3,125",Skin Care,Dermatologist Recommended,Body Lotion,dimethicone,850,89,2
Lipikar AP+M Triple Repair Body Moisturizing Cream for Dry Skin,4.6,"3,125",Skin Care,Dermatologist Recommended,Body Lotion,niacinamide,850,89,3
Lipikar AP+M Triple Repair Body Moisturizing Cream for Dry Skin,4.6,"3,125",Skin Care,Dermatologist Recommended,Body Lotion,paraffinum liquidum mineral oil,850,89,1
Lipikar AP+M Triple Repair Body Moisturizing Cream for Dry Skin,4.6,"3,125",Skin Care,Dermatologist Recommended,Body Lotion,cetearyl alcohol,850,89,2
Lipikar AP+M Triple Repair Body Moisturizing Cream for Dry Skin,4.6,"3,125",Skin Care,Dermatologist Recommended,Body Lotion,brassica campestris oleifera oil rapeseed seed oil,850,89,3
Lipikar AP+M Triple Repair Body Moisturizing Cream for Dry Skin,4.6,"3,125",Skin Care,Dermatologist Recommended,Body Lotion,ammonium polyacryloyldimethyl taurate,850,89,2
Lipikar AP+M Triple Repair Body Moisturizing Cream for Dry Skin,4.6,"3,125",Skin Care,Dermatologist Recommended,Body Lotion,peg-100 stearate,850,89,2
Lipikar AP+M Triple Repair Body Moisturizing Cream for Dry Skin,4.6,"3,125",Skin Care,Dermatologist Recommended,Body Lotion,glyceryl stearate,850,89,2
Lipikar AP+M Triple Repair Body Moisturizing Cream for Dry Skin,4.6,"3,125",Skin Care,Dermatologist Recommended,Body Lotion,peg-20 methyl glucose sesquistearate,850,89,2
Lipikar AP+M Triple Repair Body Moisturizing Cream for Dry Skin,4.6,"3,125",Skin Care,Dermatologist Recommended,Body Lotion,cera microcristallina microcrystalline wax,850,89,1
Lipikar AP+M Triple Repair Body Moisturizing Cream for Dry Skin,4.6,"3,125",Skin Care,Dermatologist Recommended,Body Lotion,paraffin,850,89,1
Lipikar AP+M Triple Repair Body Moisturizing Cream for Dry Skin,4.6,"3,125",Skin Care,Dermatologist Recommended,Body Lotion,sorbitan tristearate,850,89,2
Lipikar AP+M Triple Repair Body Moisturizing Cream for Dry Skin,4.6,"3,125",Skin Care,Dermatologist Recommended,Body Lotion,dimethiconol,850,89,2
Lipikar AP+M Triple Repair Body Moisturizing Cream for Dry Skin,4.6,"3,125",Skin Care,Dermatologist Recommended,Body Lotion,mannose,850,89,3
Lipikar AP+M Triple Repair Body Moisturizing Cream for Dry Skin,4.6,"3,125",Skin Care,Dermatologist Recommended,Body Lotion,disodium edta,850,89,2
Lipikar AP+M Triple Repair Body Moisturizing Cream for Dry Skin,4.6,"3,125",Skin Care,Dermatologist Recommended,Body Lotion,capryloyl glycine,850,89,3
Lipikar AP+M Triple Repair Body Moisturizing Cream for Dry Skin,4.6,"3,125",Skin Care,Dermatologist Recommended,Body Lotion,vitreoscilla ferment,850,89,3
Lipikar AP+M Triple Repair Body Moisturizing Cream for Dry Skin,4.6,"3,125",Skin Care,Dermatologist Recommended,Body Lotion,xanthan gum,850,89,2
Lipikar AP+M Triple Repair Body Moisturizing Cream for Dry Skin,4.6,"3,125",Skin Care,Dermatologist Recommended,Body Lotion,pentaerythrityl tetra-di-t-butyl hydroxyhydrocinnamate,850,89,2
Lipikar AP+M Triple Repair Body Moisturizing Cream for Dry Skin,4.6,"3,125",Skin Care,Dermatologist Recommended,Body Lotion,sodium benzoate,850,89,2
Cicaplast Baume B5 Soothing Therapeutic Multi Purpose Cream,4.7,"1,679",Skin Care,Dermatologist Recommended,Body Lotion,aqua  water,1050,110,3
Cicaplast Baume B5 Soothing Therapeutic Multi Purpose Cream,4.7,"1,679",Skin Care,Dermatologist Recommended,Body Lotion,hydrogenated polyisobutene,1050,110,2
Cicaplast Baume B5 Soothing Therapeutic Multi Purpose Cream,4.7,"1,679",Skin Care,Dermatologist Recommended,Body Lotion,dimethicone,1050,110,2
Cicaplast Baume B5 Soothing Therapeutic Multi Purpose Cream,4.7,"1,679",Skin Care,Dermatologist Recommended,Body Lotion,glycerin,1050,110,3
Cicaplast Baume B5 Soothing Therapeutic Multi Purpose Cream,4.7,"1,679",Skin Care,Dermatologist Recommended,Body Lotion,butyrospermum parkii butter   shea butter,1050,110,3
Cicaplast Baume B5 Soothing Therapeutic Multi Purpose Cream,4.7,"1,679",Skin Care,Dermatologist Recommended,Body Lotion,panthenol,1050,110,3
Cicaplast Baume B5 Soothing Therapeutic Multi Purpose Cream,4.7,"1,679",Skin Care,Dermatologist Recommended,Body Lotion,propanediol,1050,110,2
Cicaplast Baume B5 Soothing Therapeutic Multi Purpose Cream,4.7,"1,679",Skin Care,Dermatologist Recommended,Body Lotion,butylene glycol,1050,110,2
Cicaplast Baume B5 Soothing Therapeutic Multi Purpose Cream,4.7,"1,679",Skin Care,Dermatologist Recommended,Body Lotion,aluminum starch octenylsuccinate,1050,110,2
Cicaplast Baume B5 Soothing Therapeutic Multi Purpose Cream,4.7,"1,679",Skin Care,Dermatologist Recommended,Body Lotion,cetyl peg ppg-10 1 dimethicone,1050,110,2
Cicaplast Baume B5 Soothing Therapeutic Multi Purpose Cream,4.7,"1,679",Skin Care,Dermatologist Recommended,Body Lotion,trihydrox tearin,1050,110,2
Cicaplast Baume B5 Soothing Therapeutic Multi Purpose Cream,4.7,"1,679",Skin Care,Dermatologist Recommended,Body Lotion,zinc gluconate,1050,110,3
Cicaplast Baume B5 Soothing Therapeutic Multi Purpose Cream,4.7,"1,679",Skin Care,Dermatologist Recommended,Body Lotion,madecassoside,1050,110,3
Cicaplast Baume B5 Soothing Therapeutic Multi Purpose Cream,4.7,"1,679",Skin Care,Dermatologist Recommended,Body Lotion,manganese gluconate,1050,110,3
Cicaplast Baume B5 Soothing Therapeutic Multi Purpose Cream,4.7,"1,679",Skin Care,Dermatologist Recommended,Body Lotion,silica,1050,110,2
Cicaplast Baume B5 Soothing Therapeutic Multi Purpose Cream,4.7,"1,679",Skin Care,Dermatologist Recommended,Body Lotion,aluminum hydroxide,1050,110,2
Cicaplast Baume B5 Soothing Therapeutic Multi Purpose Cream,4.7,"1,679",Skin Care,Dermatologist Recommended,Body Lotion,magnesium sulfate,1050,110,2
Cicaplast Baume B5 Soothing Therapeutic Multi Purpose Cream,4.7,"1,679",Skin Care,Dermatologist Recommended,Body Lotion,disodium edta,1050,110,2
Cicaplast Baume B5 Soothing Therapeutic Multi Purpose Cream,4.7,"1,679",Skin Care,Dermatologist Recommended,Body Lotion,copper gluconate,1050,110,2
Cicaplast Baume B5 Soothing Therapeutic Multi Purpose Cream,4.7,"1,679",Skin Care,Dermatologist Recommended,Body Lotion,capryloyl glycine,1050,110,3
Cicaplast Baume B5 Soothing Therapeutic Multi Purpose Cream,4.7,"1,679",Skin Care,Dermatologist Recommended,Body Lotion,citric acid,1050,110,3
Cicaplast Baume B5 Soothing Therapeutic Multi Purpose Cream,4.7,"1,679",Skin Care,Dermatologist Recommended,Body Lotion,acetylated glycol stearate,1050,110,2
Cicaplast Baume B5 Soothing Therapeutic Multi Purpose Cream,4.7,"1,679",Skin Care,Dermatologist Recommended,Body Lotion,polyglyceryl-4 isostearate,1050,110,2
Cicaplast Baume B5 Soothing Therapeutic Multi Purpose Cream,4.7,"1,679",Skin Care,Dermatologist Recommended,Body Lotion,tocopherol,1050,110,3
Cicaplast Baume B5 Soothing Therapeutic Multi Purpose Cream,4.7,"1,679",Skin Care,Dermatologist Recommended,Body Lotion,pentaerythrityl tetra-di-t-butyl hydroxyhydrocinnamate,1050,110,2
Cicaplast Baume B5 Soothing Therapeutic Multi Purpose Cream,4.7,"1,679",Skin Care,Dermatologist Recommended,Body Lotion,ci 77891   titanium dioxide,1050,110,2
B-GLOSSY Smoothing Body Serum,4.4,782,Skin Care,Treatment & Serums,Body Treatments,water aqua ,1500,100,3
B-GLOSSY Smoothing Body Serum,4.4,782,Skin Care,Treatment & Serums,Body Treatments,glycerin,1500,100,3
B-GLOSSY Smoothing Body Serum,4.4,782,Skin Care,Treatment & Serums,Body Treatments,propanediol,1500,100,2
B-GLOSSY Smoothing Body Serum,4.4,782,Skin Care,Treatment & Serums,Body Treatments,pentylene glycol,1500,100,2
B-GLOSSY Smoothing Body Serum,4.4,782,Skin Care,Treatment & Serums,Body Treatments,isononyl isononanoate,1500,100,2
B-GLOSSY Smoothing Body Serum,4.4,782,Skin Care,Treatment & Serums,Body Treatments,limnanthes alba (meadowfoam) seed oil,1500,100,3
B-GLOSSY Smoothing Body Serum,4.4,782,Skin Care,Treatment & Serums,Body Treatments,castor oil ipdi copolymer,1500,100,2
B-GLOSSY Smoothing Body Serum,4.4,782,Skin Care,Treatment & Serums,Body Treatments,carbomer,1500,100,2
B-GLOSSY Smoothing Body Serum,4.4,782,Skin Care,Treatment & Serums,Body Treatments,palmitoyl tripeptide-1,1500,100,3
B-GLOSSY Smoothing Body Serum,4.4,782,Skin Care,Treatment & Serums,Body Treatments,caprylic triglyceride,1500,100,2
B-GLOSSY Smoothing Body Serum,4.4,782,Skin Care,Treatment & Serums,Body Treatments,palmitoyl tetrapeptide-7,1500,100,3
B-GLOSSY Smoothing Body Serum,4.4,782,Skin Care,Treatment & Serums,Body Treatments,sodium hydroxide,1500,100,2
B-GLOSSY Smoothing Body Serum,4.4,782,Skin Care,Treatment & Serums,Body Treatments,trisodium ethylenediamine disuccinate,1500,100,2
B-GLOSSY Smoothing Body Serum,4.4,782,Skin Care,Treatment & Serums,Body Treatments,sodium lactate,1500,100,2
B-GLOSSY Smoothing Body Serum,4.4,782,Skin Care,Treatment & Serums,Body Treatments,polysorbate 20,1500,100,3
B-GLOSSY Smoothing Body Serum,4.4,782,Skin Care,Treatment & Serums,Body Treatments,sodium hyaluronate,1500,100,3
B-GLOSSY Smoothing Body Serum,4.4,782,Skin Care,Treatment & Serums,Body Treatments,cellulose gum,1500,100,2
B-GLOSSY Smoothing Body Serum,4.4,782,Skin Care,Treatment & Serums,Body Treatments,butyrospermum parkii (shea) butter,1500,100,3
B-GLOSSY Smoothing Body Serum,4.4,782,Skin Care,Treatment & Serums,Body Treatments,sorbitan oleate,1500,100,2
B-GLOSSY Smoothing Body Serum,4.4,782,Skin Care,Treatment & Serums,Body Treatments,triethoxycaprylylsilane,1500,100,2
B-GLOSSY Smoothing Body Serum,4.4,782,Skin Care,Treatment & Serums,Body Treatments,ethylene propylene styrene copolymer,1500,100,2
B-GLOSSY Smoothing Body Serum,4.4,782,Skin Care,Treatment & Serums,Body Treatments,phenoxyethanol,1500,100,2
B-GLOSSY Smoothing Body Serum,4.4,782,Skin Care,Treatment & Serums,Body Treatments,butylene glycol,1500,100,2
B-GLOSSY Smoothing Body Serum,4.4,782,Skin Care,Treatment & Serums,Body Treatments,chlorphenesin,1500,100,2
B-GLOSSY Smoothing Body Serum,4.4,782,Skin Care,Treatment & Serums,Body Treatments,tocopherol,1500,100,3
B-GLOSSY Smoothing Body Serum,4.4,782,Skin Care,Treatment & Serums,Body Treatments,fragrance,1500,100,1
B-GLOSSY Smoothing Body Serum,4.4,782,Skin Care,Treatment & Serums,Body Treatments,iron oxides (ci 77491,1500,100,2
B-GLOSSY Smoothing Body Serum,4.4,782,Skin Care,Treatment & Serums,Body Treatments,ci 77499),1500,100,2
B-GLOSSY Smoothing Body Serum,4.4,782,Skin Care,Treatment & Serums,Body Treatments,titanium dioxide (ci 77891),1500,100,2
Advanced Body Repair Treatment Ultra,3.7,41,Skin Care,Treatment & Serums,Body Treatments,water,1000,60,3
Advanced Body Repair Treatment Ultra,3.7,41,Skin Care,Treatment & Serums,Body Treatments,olea europaea (olive) fruit oil,1000,60,3
Advanced Body Repair Treatment Ultra,3.7,41,Skin Care,Treatment & Serums,Body Treatments,glycerin,1000,60,3
Advanced Body Repair Treatment Ultra,3.7,41,Skin Care,Treatment & Serums,Body Treatments,hydroxystearic linolenic oleic polyglycerides,1000,60,2
Advanced Body Repair Treatment Ultra,3.7,41,Skin Care,Treatment & Serums,Body Treatments,dimethicone,1000,60,2
Advanced Body Repair Treatment Ultra,3.7,41,Skin Care,Treatment & Serums,Body Treatments,palmitic acid,1000,60,2
Advanced Body Repair Treatment Ultra,3.7,41,Skin Care,Treatment & Serums,Body Treatments,cyclopentasiloxane,1000,60,2
Advanced Body Repair Treatment Ultra,3.7,41,Skin Care,Treatment & Serums,Body Treatments,stearic acid,1000,60,2
Advanced Body Repair Treatment Ultra,3.7,41,Skin Care,Treatment & Serums,Body Treatments,theobroma cacao  seed butter,1000,60,3
Advanced Body Repair Treatment Ultra,3.7,41,Skin Care,Treatment & Serums,Body Treatments,bis-diglyceryl polyacyladipate-2,1000,60,2
Advanced Body Repair Treatment Ultra,3.7,41,Skin Care,Treatment & Serums,Body Treatments,butylene glycol,1000,60,2
Advanced Body Repair Treatment Ultra,3.7,41,Skin Care,Treatment & Serums,Body Treatments,glyceryl stearate,1000,60,2
Advanced Body Repair Treatment Ultra,3.7,41,Skin Care,Treatment & Serums,Body Treatments,peg-100 stearate,1000,60,2
Advanced Body Repair Treatment Ultra,3.7,41,Skin Care,Treatment & Serums,Body Treatments,squalane,1000,60,3
Advanced Body Repair Treatment Ultra,3.7,41,Skin Care,Treatment & Serums,Body Treatments,cetearyl alcohol,1000,60,2
Advanced Body Repair Treatment Ultra,3.7,41,Skin Care,Treatment & Serums,Body Treatments,ceteareth-20,1000,60,2
Advanced Body Repair Treatment Ultra,3.7,41,Skin Care,Treatment & Serums,Body Treatments,cocos nucifera  oil,1000,60,3
Advanced Body Repair Treatment Ultra,3.7,41,Skin Care,Treatment & Serums,Body Treatments,vitis vinifera (grape) seed oil,1000,60,3
Advanced Body Repair Treatment Ultra,3.7,41,Skin Care,Treatment & Serums,Body Treatments,tocopherol,1000,60,3
Advanced Body Repair Treatment Ultra,3.7,41,Skin Care,Treatment & Serums,Body Treatments,peucedanum graveolens (dill) extract,1000,60,2
Advanced Body Repair Treatment Ultra,3.7,41,Skin Care,Treatment & Serums,Body Treatments,salvia officinalis (sage) leaf extract,1000,60,2
Advanced Body Repair Treatment Ultra,3.7,41,Skin Care,Treatment & Serums,Body Treatments,pyrus malus (apple) fruit extract,1000,60,2
Advanced Body Repair Treatment Ultra,3.7,41,Skin Care,Treatment & Serums,Body Treatments,palmitoyl tripeptide-1,1000,60,3
Advanced Body Repair Treatment Ultra,3.7,41,Skin Care,Treatment & Serums,Body Treatments,palmitoyl tetrapeptide-7,1000,60,3
Advanced Body Repair Treatment Ultra,3.7,41,Skin Care,Treatment & Serums,Body Treatments,caprylyl glycol,1000,60,2
Advanced Body Repair Treatment Ultra,3.7,41,Skin Care,Treatment & Serums,Body Treatments,hexylene glycol,1000,60,2
Advanced Body Repair Treatment Ultra,3.7,41,Skin Care,Treatment & Serums,Body Treatments,ethylhexylglycerin,1000,60,2
Advanced Body Repair Treatment Ultra,3.7,41,Skin Care,Treatment & Serums,Body Treatments,dipotassium glycyrrhizate,1000,60,2
Advanced Body Repair Treatment Ultra,3.7,41,Skin Care,Treatment & Serums,Body Treatments,dimethiconol,1000,60,2
Advanced Body Repair Treatment Ultra,3.7,41,Skin Care,Treatment & Serums,Body Treatments,acrylate crosspolymer,1000,60,2
Advanced Body Repair Treatment Ultra,3.7,41,Skin Care,Treatment & Serums,Body Treatments,ursolic acid,1000,60,2
Advanced Body Repair Treatment Ultra,3.7,41,Skin Care,Treatment & Serums,Body Treatments,polysorbate 20,1000,60,3
Advanced Body Repair Treatment Ultra,3.7,41,Skin Care,Treatment & Serums,Body Treatments,disodium edta,1000,60,2
Advanced Body Repair Treatment Ultra,3.7,41,Skin Care,Treatment & Serums,Body Treatments,sodium hydroxide,1000,60,2
Advanced Body Repair Treatment Ultra,3.7,41,Skin Care,Treatment & Serums,Body Treatments,carbomer,1000,60,2
Advanced Body Repair Treatment Ultra,3.7,41,Skin Care,Treatment & Serums,Body Treatments,xanthan gum,1000,60,2
Advanced Body Repair Treatment Ultra,3.7,41,Skin Care,Treatment & Serums,Body Treatments,phenoxyethanol,1000,60,2
Moisturizing Cream for Normal Balanced to Dry Skin with Ceramides,4.6,"16,401",Skin Care,Dermatologist Recommended,Body Lotion,purified water,450,60,3
Moisturizing Cream for Normal Balanced to Dry Skin with Ceramides,4.6,"16,401",Skin Care,Dermatologist Recommended,Body Lotion,glycerin,450,60,3
Moisturizing Cream for Normal Balanced to Dry Skin with Ceramides,4.6,"16,401",Skin Care,Dermatologist Recommended,Body Lotion,cetareth-20,450,60,2
Moisturizing Cream for Normal Balanced to Dry Skin with Ceramides,4.6,"16,401",Skin Care,Dermatologist Recommended,Body Lotion,caprylic triglyceride,450,60,3
Moisturizing Cream for Normal Balanced to Dry Skin with Ceramides,4.6,"16,401",Skin Care,Dermatologist Recommended,Body Lotion,behentrimonium methosulfate,450,60,1
Moisturizing Cream for Normal Balanced to Dry Skin with Ceramides,4.6,"16,401",Skin Care,Dermatologist Recommended,Body Lotion,cetearyl alcohol,450,60,2
Moisturizing Cream for Normal Balanced to Dry Skin with Ceramides,4.6,"16,401",Skin Care,Dermatologist Recommended,Body Lotion,cetyl alcohol,450,60,2
Moisturizing Cream for Normal Balanced to Dry Skin with Ceramides,4.6,"16,401",Skin Care,Dermatologist Recommended,Body Lotion,petrolatum,450,60,1
Moisturizing Cream for Normal Balanced to Dry Skin with Ceramides,4.6,"16,401",Skin Care,Dermatologist Recommended,Body Lotion,dimethicone,450,60,2
Moisturizing Cream for Normal Balanced to Dry Skin with Ceramides,4.6,"16,401",Skin Care,Dermatologist Recommended,Body Lotion,hyaluronic acid,450,60,3
Moisturizing Cream for Normal Balanced to Dry Skin with Ceramides,4.6,"16,401",Skin Care,Dermatologist Recommended,Body Lotion,ceramide 1,450,60,3
Moisturizing Cream for Normal Balanced to Dry Skin with Ceramides,4.6,"16,401",Skin Care,Dermatologist Recommended,Body Lotion,ceramide 3,450,60,3
Moisturizing Cream for Normal Balanced to Dry Skin with Ceramides,4.6,"16,401",Skin Care,Dermatologist Recommended,Body Lotion,ceramide 6-ii,450,60,3
Moisturizing Cream for Normal Balanced to Dry Skin with Ceramides,4.6,"16,401",Skin Care,Dermatologist Recommended,Body Lotion,cholesterol,450,60,3
Moisturizing Cream for Normal Balanced to Dry Skin with Ceramides,4.6,"16,401",Skin Care,Dermatologist Recommended,Body Lotion,phytosphingosine,450,60,3
Moisturizing Cream for Normal Balanced to Dry Skin with Ceramides,4.6,"16,401",Skin Care,Dermatologist Recommended,Body Lotion,potassium phosphate,450,60,2
Moisturizing Cream for Normal Balanced to Dry Skin with Ceramides,4.6,"16,401",Skin Care,Dermatologist Recommended,Body Lotion,dipotassium phosphate,450,60,2
Moisturizing Cream for Normal Balanced to Dry Skin with Ceramides,4.6,"16,401",Skin Care,Dermatologist Recommended,Body Lotion,phenoxyethanol,450,60,2
Moisturizing Cream for Normal Balanced to Dry Skin with Ceramides,4.6,"16,401",Skin Care,Dermatologist Recommended,Body Lotion,methylparaben,450,60,1
Moisturizing Cream for Normal Balanced to Dry Skin with Ceramides,4.6,"16,401",Skin Care,Dermatologist Recommended,Body Lotion,propylparaben,450,60,1
Moisturizing Cream for Normal Balanced to Dry Skin with Ceramides,4.6,"16,401",Skin Care,Dermatologist Recommended,Body Lotion,disodium edta,450,60,2
Moisturizing Cream for Normal Balanced to Dry Skin with Ceramides,4.6,"16,401",Skin Care,Dermatologist Recommended,Body Lotion,sodium lauroyl lactylate,450,60,2
Moisturizing Cream for Normal Balanced to Dry Skin with Ceramides,4.6,"16,401",Skin Care,Dermatologist Recommended,Body Lotion,carbomer,450,60,2
Moisturizing Cream for Normal Balanced to Dry Skin with Ceramides,4.6,"16,401",Skin Care,Dermatologist Recommended,Body Lotion,xanthan gum,450,60,2
B-FOXY Inner Thigh Firming Cream,4.4,"1,607",Skin Care,Treatment & Serums,Body Treatments,water aqua ,450,60,3
B-FOXY Inner Thigh Firming Cream,4.4,"1,607",Skin Care,Treatment & Serums,Body Treatments,tapioca starch,450,60,2
B-FOXY Inner Thigh Firming Cream,4.4,"1,607",Skin Care,Treatment & Serums,Body Treatments,cocos nucifera  oil,450,60,3
B-FOXY Inner Thigh Firming Cream,4.4,"1,607",Skin Care,Treatment & Serums,Body Treatments,glycerin,450,60,3
B-FOXY Inner Thigh Firming Cream,4.4,"1,607",Skin Care,Treatment & Serums,Body Treatments,cetearyl alcohol,450,60,2
B-FOXY Inner Thigh Firming Cream,4.4,"1,607",Skin Care,Treatment & Serums,Body Treatments,caprylic triglyceride,450,60,3
B-FOXY Inner Thigh Firming Cream,4.4,"1,607",Skin Care,Treatment & Serums,Body Treatments,cetearyl olivate,450,60,2
B-FOXY Inner Thigh Firming Cream,4.4,"1,607",Skin Care,Treatment & Serums,Body Treatments,plankton extract,450,60,2
B-FOXY Inner Thigh Firming Cream,4.4,"1,607",Skin Care,Treatment & Serums,Body Treatments,butyrospermum parkii (shea) butter,450,60,3
B-FOXY Inner Thigh Firming Cream,4.4,"1,607",Skin Care,Treatment & Serums,Body Treatments,tocopherol,450,60,3
B-FOXY Inner Thigh Firming Cream,4.4,"1,607",Skin Care,Treatment & Serums,Body Treatments,sorbitan olivate,450,60,2
B-FOXY Inner Thigh Firming Cream,4.4,"1,607",Skin Care,Treatment & Serums,Body Treatments,panthenol,450,60,3
B-FOXY Inner Thigh Firming Cream,4.4,"1,607",Skin Care,Treatment & Serums,Body Treatments,marrubium vulgare extract,450,60,3
B-FOXY Inner Thigh Firming Cream,4.4,"1,607",Skin Care,Treatment & Serums,Body Treatments,neopentyl glycol diheptanoate,450,60,3
B-FOXY Inner Thigh Firming Cream,4.4,"1,607",Skin Care,Treatment & Serums,Body Treatments,pantolactone,450,60,3
B-FOXY Inner Thigh Firming Cream,4.4,"1,607",Skin Care,Treatment & Serums,Body Treatments,palmitoyl tripeptide-5,450,60,3
B-FOXY Inner Thigh Firming Cream,4.4,"1,607",Skin Care,Treatment & Serums,Body Treatments,nelumbo nucifera leaf extract,450,60,3
B-FOXY Inner Thigh Firming Cream,4.4,"1,607",Skin Care,Treatment & Serums,Body Treatments,isododecane,450,60,2
B-FOXY Inner Thigh Firming Cream,4.4,"1,607",Skin Care,Treatment & Serums,Body Treatments,phenoxyethanol,450,60,2
B-FOXY Inner Thigh Firming Cream,4.4,"1,607",Skin Care,Treatment & Serums,Body Treatments,silica,450,60,3
B-FOXY Inner Thigh Firming Cream,4.4,"1,607",Skin Care,Treatment & Serums,Body Treatments,potassium sorbate,450,60,3
B-FOXY Inner Thigh Firming Cream,4.4,"1,607",Skin Care,Treatment & Serums,Body Treatments,xanthan gum,450,60,3
B-FOXY Inner Thigh Firming Cream,4.4,"1,607",Skin Care,Treatment & Serums,Body Treatments,citric acid,450,60,3
B-FOXY Inner Thigh Firming Cream,4.4,"1,607",Skin Care,Treatment & Serums,Body Treatments,sodium phytate,450,60,2
B-FOXY Inner Thigh Firming Cream,4.4,"1,607",Skin Care,Treatment & Serums,Body Treatments,sodium benzoate,450,60,2
B-FOXY Inner Thigh Firming Cream,4.4,"1,607",Skin Care,Treatment & Serums,Body Treatments,butylene glycol,450,60,2
B-FOXY Inner Thigh Firming Cream,4.4,"1,607",Skin Care,Treatment & Serums,Body Treatments,fragrance,450,60,1
B-FOXY Inner Thigh Firming Cream,4.4,"1,607",Skin Care,Treatment & Serums,Body Treatments,hexyl cinnamal,450,60,1
B-FOXY Inner Thigh Firming Cream,4.4,"1,607",Skin Care,Treatment & Serums,Body Treatments,hydroxycitronellal,450,60,1
B-FOXY Inner Thigh Firming Cream,4.4,"1,607",Skin Care,Treatment & Serums,Body Treatments,limonene,450,60,1
B-FOXY Inner Thigh Firming Cream,4.4,"1,607",Skin Care,Treatment & Serums,Body Treatments,linalool,450,60,1
B-FOXY Inner Thigh Firming Cream,4.4,"1,607",Skin Care,Treatment & Serums,Body Treatments,red 33 (ci 17200),450,60,2
Lipikar Wash AP+ Gentle Foaming Moisturizing Wash,4.5,608,Skin Care,Dermatologist Recommended,Cleansers,water,450,60,3
Lipikar Wash AP+ Gentle Foaming Moisturizing Wash,4.5,608,Skin Care,Dermatologist Recommended,Cleansers,glycerin,450,60,3
Lipikar Wash AP+ Gentle Foaming Moisturizing Wash,4.5,608,Skin Care,Dermatologist Recommended,Cleansers,sodium laureth sulfate,450,60,1
Lipikar Wash AP+ Gentle Foaming Moisturizing Wash,4.5,608,Skin Care,Dermatologist Recommended,Cleansers,peg-200 hydrogenated glyceryl palmate,450,60,2
Lipikar Wash AP+ Gentle Foaming Moisturizing Wash,4.5,608,Skin Care,Dermatologist Recommended,Cleansers,coco-betaine,450,60,2
Lipikar Wash AP+ Gentle Foaming Moisturizing Wash,4.5,608,Skin Care,Dermatologist Recommended,Cleansers,polysorbate 20,450,60,3
Lipikar Wash AP+ Gentle Foaming Moisturizing Wash,4.5,608,Skin Care,Dermatologist Recommended,Cleansers,citric acid,450,60,3
Lipikar Wash AP+ Gentle Foaming Moisturizing Wash,4.5,608,Skin Care,Dermatologist Recommended,Cleansers,peg-7 glyceryl cocoate,450,60,2
Lipikar Wash AP+ Gentle Foaming Moisturizing Wash,4.5,608,Skin Care,Dermatologist Recommended,Cleansers,niacinamide,450,60,3
Lipikar Wash AP+ Gentle Foaming Moisturizing Wash,4.5,608,Skin Care,Dermatologist Recommended,Cleansers,acrylates copolymer,450,60,2
Lipikar Wash AP+ Gentle Foaming Moisturizing Wash,4.5,608,Skin Care,Dermatologist Recommended,Cleansers,butyrospermum parkii butter,450,60,3
Lipikar Wash AP+ Gentle Foaming Moisturizing Wash,4.5,608,Skin Care,Dermatologist Recommended,Cleansers,cocamide mea,450,60,1
Lipikar Wash AP+ Gentle Foaming Moisturizing Wash,4.5,608,Skin Care,Dermatologist Recommended,Cleansers,disodium edta,450,60,2
Lipikar Wash AP+ Gentle Foaming Moisturizing Wash,4.5,608,Skin Care,Dermatologist Recommended,Cleansers,glycol distearate,450,60,2
Lipikar Wash AP+ Gentle Foaming Moisturizing Wash,4.5,608,Skin Care,Dermatologist Recommended,Cleansers,mannose,450,60,3
Lipikar Wash AP+ Gentle Foaming Moisturizing Wash,4.5,608,Skin Care,Dermatologist Recommended,Cleansers,polyquaternium-11,450,60,2
Lipikar Wash AP+ Gentle Foaming Moisturizing Wash,4.5,608,Skin Care,Dermatologist Recommended,Cleansers,sodium benzoate,450,60,2
Lipikar Wash AP+ Gentle Foaming Moisturizing Wash,4.5,608,Skin Care,Dermatologist Recommended,Cleansers,sodium chloride,450,60,3
Lipikar Wash AP+ Gentle Foaming Moisturizing Wash,4.5,608,Skin Care,Dermatologist Recommended,Cleansers,sodium hydroxide,450,60,1
Lipikar Wash AP+ Gentle Foaming Moisturizing Wash,4.5,608,Skin Care,Dermatologist Recommended,Cleansers,vitreoscilla ferment,450,60,3
Ultra Repair Cream Jumbo,4.8,149,Skin Care,Moisturizers,Face Moisturizer,colloidal oatmeal 0.5%.,850,299,3
Ultra Repair Cream Jumbo,4.8,149,Skin Care,Moisturizers,Face Moisturizer,stearic acid,850,299,2
Ultra Repair Cream Jumbo,4.8,149,Skin Care,Moisturizers,Face Moisturizer,glycerin,850,299,3
Ultra Repair Cream Jumbo,4.8,149,Skin Care,Moisturizers,Face Moisturizer,c12-15 alkyl benzoate,850,299,2
Ultra Repair Cream Jumbo,4.8,149,Skin Care,Moisturizers,Face Moisturizer,caprylic triglyceride,850,299,3
Ultra Repair Cream Jumbo,4.8,149,Skin Care,Moisturizers,Face Moisturizer,glyceryl stearate,850,299,3
Ultra Repair Cream Jumbo,4.8,149,Skin Care,Moisturizers,Face Moisturizer,glyceryl stearate se,850,299,3
Ultra Repair Cream Jumbo,4.8,149,Skin Care,Moisturizers,Face Moisturizer,cetearyl alcohol,850,299,2
Ultra Repair Cream Jumbo,4.8,149,Skin Care,Moisturizers,Face Moisturizer,butyrospermum parkii (shea) butter,850,299,3
Ultra Repair Cream Jumbo,4.8,149,Skin Care,Moisturizers,Face Moisturizer,dimethicone,850,299,2
Ultra Repair Cream Jumbo,4.8,149,Skin Care,Moisturizers,Face Moisturizer,squalane,850,299,3
Ultra Repair Cream Jumbo,4.8,149,Skin Care,Moisturizers,Face Moisturizer,phenoxyethanol,850,299,1
Ultra Repair Cream Jumbo,4.8,149,Skin Care,Moisturizers,Face Moisturizer,caprylyl glycol,850,299,2
Ultra Repair Cream Jumbo,4.8,149,Skin Care,Moisturizers,Face Moisturizer,xanthan gum,850,299,3
Ultra Repair Cream Jumbo,4.8,149,Skin Care,Moisturizers,Face Moisturizer,allantoin,850,299,3
Ultra Repair Cream Jumbo,4.8,149,Skin Care,Moisturizers,Face Moisturizer,sodium hydroxide,850,299,2
Ultra Repair Cream Jumbo,4.8,149,Skin Care,Moisturizers,Face Moisturizer,disodium edta,850,299,2
Ultra Repair Cream Jumbo,4.8,149,Skin Care,Moisturizers,Face Moisturizer,camellia sinensis leaf extract,850,299,3
Ultra Repair Cream Jumbo,4.8,149,Skin Care,Moisturizers,Face Moisturizer,glycyrrhiza glabra (licorice) root extract,850,299,3
Ultra Repair Cream Jumbo,4.8,149,Skin Care,Moisturizers,Face Moisturizer,ceramide np,850,299,3
Ultra Repair Cream Jumbo,4.8,149,Skin Care,Moisturizers,Face Moisturizer,eucalyptus globulus leaf oil,850,299,2
Unicorn Fruit Skin Brightening Deodorant,4.6,970,Skin Care,Treatment & Serums,Body Treatments,cocos nucifera  oil,850,299,3
Unicorn Fruit Skin Brightening Deodorant,4.6,970,Skin Care,Treatment & Serums,Body Treatments,caprylic triglyceride,850,299,3
Unicorn Fruit Skin Brightening Deodorant,4.6,970,Skin Care,Treatment & Serums,Body Treatments,tapioca starch,850,299,3
Unicorn Fruit Skin Brightening Deodorant,4.6,970,Skin Care,Treatment & Serums,Body Treatments,stearyl alcohol,850,299,2
Unicorn Fruit Skin Brightening Deodorant,4.6,970,Skin Care,Treatment & Serums,Body Treatments,magnesium hydroxide,850,299,3
Unicorn Fruit Skin Brightening Deodorant,4.6,970,Skin Care,Treatment & Serums,Body Treatments,hydrogenated castor oil,850,299,2
Unicorn Fruit Skin Brightening Deodorant,4.6,970,Skin Care,Treatment & Serums,Body Treatments,oryza sativa (rice) bran wax,850,299,2
Unicorn Fruit Skin Brightening Deodorant,4.6,970,Skin Care,Treatment & Serums,Body Treatments,triethyl citrate,850,299,3
Unicorn Fruit Skin Brightening Deodorant,4.6,970,Skin Care,Treatment & Serums,Body Treatments,fragrance,850,299,1
Unicorn Fruit Skin Brightening Deodorant,4.6,970,Skin Care,Treatment & Serums,Body Treatments,behenyl alcohol,850,299,2
Unicorn Fruit Skin Brightening Deodorant,4.6,970,Skin Care,Treatment & Serums,Body Treatments,polyglyceryl-3 stearate,850,299,2
Unicorn Fruit Skin Brightening Deodorant,4.6,970,Skin Care,Treatment & Serums,Body Treatments,mangifera indica (mango) seed butter,850,299,3
Unicorn Fruit Skin Brightening Deodorant,4.6,970,Skin Care,Treatment & Serums,Body Treatments,platonia insignis seed butter,850,299,3
Unicorn Fruit Skin Brightening Deodorant,4.6,970,Skin Care,Treatment & Serums,Body Treatments,lactobacillus papaya fruit ferment filtrate,850,299,3
Unicorn Fruit Skin Brightening Deodorant,4.6,970,Skin Care,Treatment & Serums,Body Treatments,phenylethyl resorcinol,850,299,2
Unicorn Fruit Skin Brightening Deodorant,4.6,970,Skin Care,Treatment & Serums,Body Treatments,helianthus annuus (sunflower) seed oil,850,299,3
Unicorn Fruit Skin Brightening Deodorant,4.6,970,Skin Care,Treatment & Serums,Body Treatments,vaccinium myrtillus fruit extract,850,299,3
Unicorn Fruit Skin Brightening Deodorant,4.6,970,Skin Care,Treatment & Serums,Body Treatments,saccharum officinarum (sugar cane) extract,850,299,3
Unicorn Fruit Skin Brightening Deodorant,4.6,970,Skin Care,Treatment & Serums,Body Treatments,citrus aurantium dulcis (orange) fruit extract,850,299,3
Unicorn Fruit Skin Brightening Deodorant,4.6,970,Skin Care,Treatment & Serums,Body Treatments,citrus limon (lemon) fruit extract,850,299,3
Unicorn Fruit Skin Brightening Deodorant,4.6,970,Skin Care,Treatment & Serums,Body Treatments,carica papaya (papaya) seed oil,850,299,3
Unicorn Fruit Skin Brightening Deodorant,4.6,970,Skin Care,Treatment & Serums,Body Treatments,acer saccharum (sugar maple) extract,850,299,3
Unicorn Fruit Skin Brightening Deodorant,4.6,970,Skin Care,Treatment & Serums,Body Treatments,tocopherol,850,299,3
Night Rescue Overnight Brightening Stick,4,4,Skin Care,Treatment & Serums,Body Treatments,caprylic triglyceride,850,299,3
Night Rescue Overnight Brightening Stick,4,4,Skin Care,Treatment & Serums,Body Treatments,tapioca (manihot esculenta) starch,850,299,3
Night Rescue Overnight Brightening Stick,4,4,Skin Care,Treatment & Serums,Body Treatments,stearyl alcohol,850,299,2
Night Rescue Overnight Brightening Stick,4,4,Skin Care,Treatment & Serums,Body Treatments,cocos nucifera  oil,850,299,3
Night Rescue Overnight Brightening Stick,4,4,Skin Care,Treatment & Serums,Body Treatments,butyrospermum parkii (shea) butter,850,299,3
Night Rescue Overnight Brightening Stick,4,4,Skin Care,Treatment & Serums,Body Treatments,niacinamide,850,299,3
Night Rescue Overnight Brightening Stick,4,4,Skin Care,Treatment & Serums,Body Treatments,helianthus annuus (sunflower) seed wax,850,299,3
Night Rescue Overnight Brightening Stick,4,4,Skin Care,Treatment & Serums,Body Treatments,vitis vinifera (grape) seed oil,850,299,3
Night Rescue Overnight Brightening Stick,4,4,Skin Care,Treatment & Serums,Body Treatments,isoamyl laurate,850,299,3
Night Rescue Overnight Brightening Stick,4,4,Skin Care,Treatment & Serums,Body Treatments,jojoba esters,850,299,3
Night Rescue Overnight Brightening Stick,4,4,Skin Care,Treatment & Serums,Body Treatments,behenyl alcohol,850,299,2
Night Rescue Overnight Brightening Stick,4,4,Skin Care,Treatment & Serums,Body Treatments,polyglyceryl-3 stearate,850,299,3
Night Rescue Overnight Brightening Stick,4,4,Skin Care,Treatment & Serums,Body Treatments,mangifera indica (mango) seed butter,850,299,3
Night Rescue Overnight Brightening Stick,4,4,Skin Care,Treatment & Serums,Body Treatments,water,850,299,3
Night Rescue Overnight Brightening Stick,4,4,Skin Care,Treatment & Serums,Body Treatments,calcium silicate,850,299,3
Night Rescue Overnight Brightening Stick,4,4,Skin Care,Treatment & Serums,Body Treatments,disodium lauriminodipropionate tocopheryl phosphates,850,299,3
Night Rescue Overnight Brightening Stick,4,4,Skin Care,Treatment & Serums,Body Treatments,sclareolide,850,299,2
Night Rescue Overnight Brightening Stick,4,4,Skin Care,Treatment & Serums,Body Treatments,lavandula angustifolia (lavender) oil,850,299,3
Night Rescue Overnight Brightening Stick,4,4,Skin Care,Treatment & Serums,Body Treatments,tocopherol,850,299,3
Night Rescue Overnight Brightening Stick,4,4,Skin Care,Treatment & Serums,Body Treatments,glycine soja (soybean) oil,850,299,3
Night Rescue Overnight Brightening Stick,4,4,Skin Care,Treatment & Serums,Body Treatments,terminalia ferdinandiana seed oil,850,299,3
Night Rescue Overnight Brightening Stick,4,4,Skin Care,Treatment & Serums,Body Treatments,bisabolol,850,299,3
Night Rescue Overnight Brightening Stick,4,4,Skin Care,Treatment & Serums,Body Treatments,simmondsia chinensis (jojoba) seed oil,850,299,3
Night Rescue Overnight Brightening Stick,4,4,Skin Care,Treatment & Serums,Body Treatments,squalane,850,299,3
Night Rescue Overnight Brightening Stick,4,4,Skin Care,Treatment & Serums,Body Treatments,ribes nigrum (black currant) seed oil,850,299,3
Night Rescue Overnight Brightening Stick,4,4,Skin Care,Treatment & Serums,Body Treatments,octyldodecanol,850,299,2
Night Rescue Overnight Brightening Stick,4,4,Skin Care,Treatment & Serums,Body Treatments,octyldodecyl oleate,850,299,3
Night Rescue Overnight Brightening Stick,4,4,Skin Care,Treatment & Serums,Body Treatments,octyldodecyl stearoyl stearate,850,299,3
Night Rescue Overnight Brightening Stick,4,4,Skin Care,Treatment & Serums,Body Treatments,phenoxyethanol,850,299,2
Night Rescue Overnight Brightening Stick,4,4,Skin Care,Treatment & Serums,Body Treatments,hydrogenated olive oil unsaponifiables,850,299,3
Night Rescue Overnight Brightening Stick,4,4,Skin Care,Treatment & Serums,Body Treatments,anthemis nobilis flower oil,850,299,3
Night Rescue Overnight Brightening Stick,4,4,Skin Care,Treatment & Serums,Body Treatments,paeonia suffruticosa root extract,850,299,3
Night Rescue Overnight Brightening Stick,4,4,Skin Care,Treatment & Serums,Body Treatments,benzoic acid,850,299,2
Night Rescue Overnight Brightening Stick,4,4,Skin Care,Treatment & Serums,Body Treatments,zingiber officinale (ginger) root oil,850,299,2
Night Rescue Overnight Brightening Stick,4,4,Skin Care,Treatment & Serums,Body Treatments,dehydroacetic acid,850,299,2
Night Rescue Overnight Brightening Stick,4,4,Skin Care,Treatment & Serums,Body Treatments,rosmarinus officinalis (rosemary) leaf extract,850,299,3
B-THICC Booty Enhancing Mask,4.6,"3,580",Skin Care,Treatment & Serums,Body Treatments,water aqua,299,15,3
B-THICC Booty Enhancing Mask,4.6,"3,580",Skin Care,Treatment & Serums,Body Treatments,glycerin,299,15,3
B-THICC Booty Enhancing Mask,4.6,"3,580",Skin Care,Treatment & Serums,Body Treatments,cetearyl alcohol,299,15,2
B-THICC Booty Enhancing Mask,4.6,"3,580",Skin Care,Treatment & Serums,Body Treatments,ethylhexyl palmitate,299,15,3
B-THICC Booty Enhancing Mask,4.6,"3,580",Skin Care,Treatment & Serums,Body Treatments,synthetic beeswax,299,15,1
B-THICC Booty Enhancing Mask,4.6,"3,580",Skin Care,Treatment & Serums,Body Treatments,xylitylglucoside,299,15,3
B-THICC Booty Enhancing Mask,4.6,"3,580",Skin Care,Treatment & Serums,Body Treatments,anhydroxylitol,299,15,3
B-THICC Booty Enhancing Mask,4.6,"3,580",Skin Care,Treatment & Serums,Body Treatments,sodium polyacrylate starch,299,15,3
B-THICC Booty Enhancing Mask,4.6,"3,580",Skin Care,Treatment & Serums,Body Treatments,glyceryl stearate,299,15,3
B-THICC Booty Enhancing Mask,4.6,"3,580",Skin Care,Treatment & Serums,Body Treatments,glyceryl stearate se,299,15,2
B-THICC Booty Enhancing Mask,4.6,"3,580",Skin Care,Treatment & Serums,Body Treatments,peg-100 stearate,299,15,3
B-THICC Booty Enhancing Mask,4.6,"3,580",Skin Care,Treatment & Serums,Body Treatments,phenoxyethanol,299,15,1
B-THICC Booty Enhancing Mask,4.6,"3,580",Skin Care,Treatment & Serums,Body Treatments,vitis vinifera (grape) seed oil,299,15,3
B-THICC Booty Enhancing Mask,4.6,"3,580",Skin Care,Treatment & Serums,Body Treatments,xylitol,299,15,3
B-THICC Booty Enhancing Mask,4.6,"3,580",Skin Care,Treatment & Serums,Body Treatments,caprylyl glycol,299,15,3
B-THICC Booty Enhancing Mask,4.6,"3,580",Skin Care,Treatment & Serums,Body Treatments,dimethicone,299,15,2
B-THICC Booty Enhancing Mask,4.6,"3,580",Skin Care,Treatment & Serums,Body Treatments,sodium acryloyldimethyl taurate copolymer,299,15,3
B-THICC Booty Enhancing Mask,4.6,"3,580",Skin Care,Treatment & Serums,Body Treatments,fragrance,299,15,1
B-THICC Booty Enhancing Mask,4.6,"3,580",Skin Care,Treatment & Serums,Body Treatments,alcohol denat,299,15,1
B-THICC Booty Enhancing Mask,4.6,"3,580",Skin Care,Treatment & Serums,Body Treatments,glucose,299,15,3
B-THICC Booty Enhancing Mask,4.6,"3,580",Skin Care,Treatment & Serums,Body Treatments,xanthan gum,299,15,3
B-THICC Booty Enhancing Mask,4.6,"3,580",Skin Care,Treatment & Serums,Body Treatments,chlorella vulgaris lupinus alba protein ferment,299,15,3
B-THICC Booty Enhancing Mask,4.6,"3,580",Skin Care,Treatment & Serums,Body Treatments,garcinia mangostana peel extract,299,15,3
B-THICC Booty Enhancing Mask,4.6,"3,580",Skin Care,Treatment & Serums,Body Treatments,pyrus cydonia seed extract,299,15,3
B-THICC Booty Enhancing Mask,4.6,"3,580",Skin Care,Treatment & Serums,Body Treatments,limonene,299,15,2
B-THICC Booty Enhancing Mask,4.6,"3,580",Skin Care,Treatment & Serums,Body Treatments,sodium benzoate,299,15,3
B-THICC Booty Enhancing Mask,4.6,"3,580",Skin Care,Treatment & Serums,Body Treatments,panthenol,299,15,3
B-THICC Booty Enhancing Mask,4.6,"3,580",Skin Care,Treatment & Serums,Body Treatments,sodium hyaluronate,299,15,3
B-THICC Booty Enhancing Mask,4.6,"3,580",Skin Care,Treatment & Serums,Body Treatments,disodium edta,299,15,3
B-THICC Booty Enhancing Mask,4.6,"3,580",Skin Care,Treatment & Serums,Body Treatments,potassium sorbate,299,15,3
B-THICC Booty Enhancing Mask,4.6,"3,580",Skin Care,Treatment & Serums,Body Treatments,maltodextrin,299,15,3
B-THICC Booty Enhancing Mask,4.6,"3,580",Skin Care,Treatment & Serums,Body Treatments,linalool,299,15,2
B-THICC Booty Enhancing Mask,4.6,"3,580",Skin Care,Treatment & Serums,Body Treatments,blue 1 (ci 42090),299,15,3
Travel Size Toleriane Double Repair Face Moisturizer with Niacinamide,4.1,"1,467",Skin Care,Dermatologist Recommended,Body Lotion,aqua water eau,550,39,3
Travel Size Toleriane Double Repair Face Moisturizer with Niacinamide,4.1,"1,467",Skin Care,Dermatologist Recommended,Body Lotion,glycerin,550,39,3
Travel Size Toleriane Double Repair Face Moisturizer with Niacinamide,4.1,"1,467",Skin Care,Dermatologist Recommended,Body Lotion,squalane,550,39,3
Travel Size Toleriane Double Repair Face Moisturizer with Niacinamide,4.1,"1,467",Skin Care,Dermatologist Recommended,Body Lotion,dimethicone,550,39,2
Travel Size Toleriane Double Repair Face Moisturizer with Niacinamide,4.1,"1,467",Skin Care,Dermatologist Recommended,Body Lotion,zea mays starch corn starch,550,39,3
Travel Size Toleriane Double Repair Face Moisturizer with Niacinamide,4.1,"1,467",Skin Care,Dermatologist Recommended,Body Lotion,niacinamide,550,39,3
Travel Size Toleriane Double Repair Face Moisturizer with Niacinamide,4.1,"1,467",Skin Care,Dermatologist Recommended,Body Lotion,ammonium polyacryloyldimethyl taurate,550,39,3
Travel Size Toleriane Double Repair Face Moisturizer with Niacinamide,4.1,"1,467",Skin Care,Dermatologist Recommended,Body Lotion,myristyl myristate,550,39,2
Travel Size Toleriane Double Repair Face Moisturizer with Niacinamide,4.1,"1,467",Skin Care,Dermatologist Recommended,Body Lotion,stearic acid,550,39,2
Travel Size Toleriane Double Repair Face Moisturizer with Niacinamide,4.1,"1,467",Skin Care,Dermatologist Recommended,Body Lotion,ceramide np,550,39,3
Travel Size Toleriane Double Repair Face Moisturizer with Niacinamide,4.1,"1,467",Skin Care,Dermatologist Recommended,Body Lotion,potassium cetyl phosphate,550,39,2
Travel Size Toleriane Double Repair Face Moisturizer with Niacinamide,4.1,"1,467",Skin Care,Dermatologist Recommended,Body Lotion,glyceryl stearate se,550,39,2
Travel Size Toleriane Double Repair Face Moisturizer with Niacinamide,4.1,"1,467",Skin Care,Dermatologist Recommended,Body Lotion,sodium hydroxide,550,39,2
Travel Size Toleriane Double Repair Face Moisturizer with Niacinamide,4.1,"1,467",Skin Care,Dermatologist Recommended,Body Lotion,myristic acid,550,39,2
Travel Size Toleriane Double Repair Face Moisturizer with Niacinamide,4.1,"1,467",Skin Care,Dermatologist Recommended,Body Lotion,palmitic acid,550,39,2
Travel Size Toleriane Double Repair Face Moisturizer with Niacinamide,4.1,"1,467",Skin Care,Dermatologist Recommended,Body Lotion,capryloyl glycine,550,39,3
Travel Size Toleriane Double Repair Face Moisturizer with Niacinamide,4.1,"1,467",Skin Care,Dermatologist Recommended,Body Lotion,caprylyl glycol,550,39,3
Travel Size Toleriane Double Repair Face Moisturizer with Niacinamide,4.1,"1,467",Skin Care,Dermatologist Recommended,Body Lotion,xanthan gum,1999,99,3
